title,avg_reviews,complete_link,publisher
Data Analysis Using R (Low Priced Edition): A Primer for Data Scientist,4.4,https://www.amazon.com/Data-Analysis-Using-Low-Priced/dp/1685549594/ref=sr_1_16?keywords=data+analysis&qid=1671164640&sr=8-16,"Notion Press Media Pvt Ltd (November 22, 2021)"
"Head First Data Analysis: A learner's guide to big numbers, statistics, and good decisions",4.3,https://www.amazon.com/Head-First-Data-Analysis-statistics/dp/0596153937/ref=sr_1_15?keywords=data+analysis&qid=1671164640&sr=8-15,"O'Reilly Media; 1st edition (August 18, 2009)"
Guerrilla Data Analysis Using Microsoft Excel: Overcoming Crap Data and Excel Skirmishes,4.7,https://www.amazon.com/Guerrilla-Analysis-Using-Microsoft-Excel/dp/1615470743/ref=sr_1_14?keywords=data+analysis&qid=1671164640&sr=8-14,"Holy Macro! Books; Third edition (August 1, 2022)"
"Python for Data Analysis: Data Wrangling with Pandas, NumPy, and IPython",4.6,https://www.amazon.com/Python-Data-Analysis-Wrangling-IPython/dp/1491957662/ref=sr_1_11?keywords=data+analysis&qid=1671164640&sr=8-11,"O'Reilly Media; 2nd edition (November 14, 2017)"
Excel Data Analysis For Dummies (For Dummies (Computer/Tech)),3.9,https://www.amazon.com/Excel-Data-Analysis-Dummies-Computer/dp/1119844428/ref=sr_1_12?keywords=data+analysis&qid=1671164640&sr=8-12,"For Dummies; 5th edition (February 3, 2022)"
SQL for Data Analysis: Advanced Techniques for Transforming Data into Insights,4.6,https://www.amazon.com/SQL-Data-Analysis-Techniques-Transforming/dp/1492088781/ref=sr_1_9?keywords=data+analysis&qid=1671164640&sr=8-9,"O'Reilly Media; 1st edition (October 5, 2021)"
Qualitative Data Analysis: A Methods Sourcebook,4.7,https://www.amazon.com/Qualitative-Data-Analysis-Methods-Sourcebook/dp/150635307X/ref=sr_1_13?keywords=data+analysis&qid=1671164640&sr=8-13,"SAGE Publications, Inc; 4th edition (January 22, 2019)"
Topological Data Analysis with Applications,5.0,https://www.amazon.com/Topological-Analysis-Applications-Gunnar-Carlsson/dp/1108838650/ref=sr_1_37?keywords=data+analysis&qid=1671164640&sr=8-37,"Cambridge University Press; 1st edition (March 24, 2022)"
"R in Action, Third Edition: Data analysis and graphics with R and Tidyverse",4.3,https://www.amazon.com/Action-Third-Robert-I-Kabacoff/dp/1617296058/ref=sr_1_60?keywords=data+analysis&qid=1671164640&sr=8-60,"Manning; 3rd edition (May 3, 2022)"
"Listening to People: A Practical Guide to Interviewing, Participant Observation, Data Analysis, and Writing It All Up (Chicago Guides to Writing, Editing, and Publishing)",4.5,https://www.amazon.com/Listening-People-Interviewing-Participant-Observation/dp/022680643X/ref=sr_1_59?keywords=data+analysis&qid=1671164640&sr=8-59,"University of Chicago Press (October 15, 2021)"
SQL for Data Analytics: Perform efficient and fast data analysis with the power of SQL,4.9,https://www.amazon.com/gp/slredirect/picassoRedirect.html/ref=pa_sp_mtf_aps_sr_pg1_1?ie=UTF8&adId=A0492571P7LVKSU93F2O&qualifier=1671164640&id=6357489869092693&widgetName=sp_mtf&url=%2FSQL-Data-Analytics-efficient-analysis%2Fdp%2FB0BG5JN89K%2Fref%3Dsr_1_17_sspa%3Fkeywords%3Ddata%2Banalysis%26qid%3D1671164640%26sr%3D8-17-spons%26psc%3D1,"Independently published (September 21, 2022)"
"Data Analytics, Data Visualization & Communicating Data: 3 books in 1: Learn the Processes of Data Analytics and Data Science, Create Engaging Data ... Present Data Effectively (All Things Data)",4.6,https://www.amazon.com/gp/slredirect/picassoRedirect.html/ref=pa_sp_atf_aps_sr_pg1_1?ie=UTF8&adId=A099800857YLNLKS5F3Q&qualifier=1671164640&id=6357489869092693&widgetName=sp_atf&url=%2FData-Analytics-Visualization-Communicating-Effectively%2Fdp%2F1777967198%2Fref%3Dsr_1_1_sspa%3Fkeywords%3Ddata%2Banalysis%26qid%3D1671164640%26sr%3D8-1-spons%26psc%3D1,"Kenneth M Fornari (November 10, 2022)"
Murach's Python for Data Analysis (Training & Reference),4.4,https://www.amazon.com/Murachs-Python-Analysis-Scott-McCoy/dp/1943872767/ref=sr_1_108?keywords=data+analysis&qid=1671164651&sr=8-108,"Mike Murach & Associates Inc (August 30, 2021)"
"EXCEL DATA ANALYSIS: THE ULTIMATE PRACTICAL GUIDE TO MASTERING DATA ANALYSIS USING EXCEL DATA & STATISTICAL TABLES, PIVOT TABLES, AND FINANCIAL ANALYSIS TOOLS",4.6,https://www.amazon.com/EXCEL-DATA-ANALYSIS-PRACTICAL-STATISTICAL/dp/B09T2X7NWT/ref=sr_1_107?keywords=data+analysis&qid=1671164651&sr=8-107,"Independently published (February 21, 2022)"
"Time Series Analysis with Python Cookbook: Practical recipes for exploratory data analysis, data preparation, forecasting, and model evaluation",4.8,https://www.amazon.com/Time-Analysis-Python-Cookbook-exploratory/dp/1801075549/ref=sr_1_102?keywords=data+analysis&qid=1671164651&sr=8-102,"Packt Publishing (June 30, 2022)"
Dyadic Data Analysis (Methodology in the Social Sciences),4.4,https://www.amazon.com/Dyadic-Analysis-Methodology-Social-Sciences/dp/1462546137/ref=sr_1_103?keywords=data+analysis&qid=1671164651&sr=8-103,"The Guilford Press; 1st edition (November 26, 2020)"
Exploratory Data Analysis (Classic Version) (Pearson Modern Classic),4.9,https://www.amazon.com/Exploratory-Data-Analysis-Classic-Version/dp/0134995457/ref=sr_1_101?keywords=data+analysis&qid=1671164651&sr=8-101,"Pearson; 1st edition (April 18, 2019)"
An Introduction to Statistics and Data Analysis Using Stata: From Research Design to Final Report,4.6,https://www.amazon.com/Introduction-Statistics-Analysis-Using-Stata%C2%AE/dp/1506371833/ref=sr_1_98?keywords=data+analysis&qid=1671164651&sr=8-98,"SAGE Publications, Inc; 1st edition (January 29, 2019)"
"Microsoft 365 Excel: The Only App That Matters: Calculations, Analytics, Modeling, Data Analysis and Dashboard Reporting for the New Era of Dynamic Data Driven Decision Making & Insight",5.0,https://www.amazon.com/Microsoft-365-Excel-Calculations-Analytics/dp/1615470700/ref=sr_1_96?keywords=data+analysis&qid=1671164651&sr=8-96,"Holy Macro! Books (August 1, 2022)"
"Data Analysis with Python: Introducing NumPy, Pandas, Matplotlib, and Essential Elements of Python Programming (English Edition)",3.0,https://www.amazon.com/Data-Analysis-Python-Introducing-Programming/dp/9355510659/ref=sr_1_91?keywords=data+analysis&qid=1671164651&sr=8-91,"BPB Publications (August 20, 2022)"
"Hands-On Data Analysis with Pandas: Efficiently perform data collection, wrangling, analysis, and visualization using Python",4.5,https://www.amazon.com/Hands-Data-Analysis-Pandas-visualization-ebook/dp/B07KJQN1CC/ref=sr_1_87?keywords=data+analysis&qid=1671164651&sr=8-87,"Packt Publishing; 1st edition (July 26, 2019)"
Statistics and Data Analysis for Financial Engineering: with R examples (Springer Texts in Statistics),4.3,https://www.amazon.com/Statistics-Data-Analysis-Financial-Engineering/dp/1493926136/ref=sr_1_88?keywords=data+analysis&qid=1671164651&sr=8-88,"Springer; 2nd ed. 2015 edition (April 22, 2015)"
RNA Sequencing: Principles and Data Analysis,4.4,https://www.amazon.com/RNA-Sequencing-Principles-Data-Analysis/dp/B08HTM7TGX/ref=sr_1_153?keywords=data+analysis&qid=1671164661&sr=8-153,"Independently published (May 1, 2020)"
"Spectrum Grades 6-8 Data Analysis & Probability Workbook—6th-8th Grade State Standards for Calculating Statistics, Probabilities, and Graph Data for Homeschool or Classroom (128 pgs)",4.6,https://www.amazon.com/Probability-Workbook-6th-8th-Calculating-Statistics-Probabilities/dp/148381663X/ref=sr_1_149?keywords=data+analysis&qid=1671164661&sr=8-149,"Spectrum; Workbook edition (February 25, 2015)"
Time Series: A Data Analysis Approach Using R (Chapman & Hall/CRC Texts in Statistical Science),4.1,https://www.amazon.com/Time-Analysis-Approach-Chapman-Statistical-ebook/dp/B07S1CN793/ref=sr_1_144?keywords=data+analysis&qid=1671164661&sr=8-144,"Chapman and Hall/CRC; 1st edition (May 17, 2019)"
An Introduction to Categorical Data Analysis,4.4,https://www.amazon.com/Introduction-Categorical-Data-Analysis/dp/0471226181/ref=sr_1_139?keywords=data+analysis&qid=1671164661&sr=8-139,"Wiley-Interscience; 2nd edition (March 23, 2007)"
Think Stats: Exploratory Data Analysis,4.2,https://www.amazon.com/Think-Stats-Exploratory-Data-Analysis/dp/1491907339/ref=sr_1_133?keywords=data+analysis&qid=1671164661&sr=8-133,"O'Reilly Media; 2nd edition (November 11, 2014)"
"Python: 3 books in 1- Your complete guide to python programming with Python for Beginners, Python Data Analysis and Python Machine Learning (Programming Languages for Beginners)",4.6,https://www.amazon.com/Python-programming-Beginners-Programming-Languages/dp/B09RLRHNGS/ref=sr_1_203?keywords=data+analysis&qid=1671164670&sr=8-203,"Independently published (February 4, 2022)"
Categorical Data Analysis (Wiley Series in Probability and Statistics),4.4,https://www.amazon.com/Categorical-Analysis-Wiley-Probability-Statistics/dp/0471360937/ref=sr_1_198?keywords=data+analysis&qid=1671164670&sr=8-198,"Wiley-Interscience; 2nd edition (July 22, 2002)"
"Beginners Guide to Data Visualization: How to Understand, Design, and Optimize Over 40 Different Charts (All Things Data)",4.8,https://www.amazon.com/gp/slredirect/picassoRedirect.html/ref=pa_sp_mtf_aps_sr_pg3_1?ie=UTF8&adId=A06123853IL9EXIIFPLEJ&qualifier=1671164661&id=8763482864697680&widgetName=sp_mtf&url=%2FBeginners-Guide-Data-Visualization-Understand%2Fdp%2F1777967163%2Fref%3Dsr_1_130_sspa%3Fkeywords%3Ddata%2Banalysis%26qid%3D1671164661%26sr%3D8-130-spons%26psc%3D1,"Kenneth M Fornari (October 11, 2022)"
Hands-On Exploratory Data Analysis with R: Become an expert in exploratory data analysis using R packages,3.4,https://www.amazon.com/Hands-Exploratory-Data-Analysis-exploratory/dp/178980437X/ref=sr_1_194?keywords=data+analysis&qid=1671164670&sr=8-194,"Packt Publishing (May 31, 2019)"
Qualitative and Mixed Methods Data Analysis Using Dedoose: A Practical Approach for Research Across the Social Sciences,4.3,https://www.amazon.com/Qualitative-Mixed-Methods-Analysis-Dedoose/dp/1506397816/ref=sr_1_193?keywords=data+analysis&qid=1671164670&sr=8-193,"SAGE Publications, Inc; 1st edition (September 21, 2019)"
Qualitative Data Analysis with NVivo,4.6,https://www.amazon.com/Qualitative-Data-Analysis-with-NVivo/dp/1526449943/ref=sr_1_191?keywords=data+analysis&qid=1671164670&sr=8-191,"SAGE Publications Ltd; Third edition (May 31, 2019)"
"An Introduction to Categorical Data Analysis, 3rd Edition (Wiley Series in Probability and Statistics)",4.4,https://www.amazon.com/Introduction-Categorical-Analysis-Probability-Statistics/dp/1119405262/ref=sr_1_192?keywords=data+analysis&qid=1671164670&sr=8-192,"Wiley; 3rd edition (November 5, 2018)"
"Pharmacokinetic and Pharmacodynamic Data Analysis: Concepts and Applications, Second Edition",4.4,https://www.amazon.com/Pharmacokinetic-Pharmacodynamic-Data-Analysis-Applications/dp/9198299107/ref=sr_1_189?keywords=data+analysis&qid=1671164670&sr=8-189,"Swedish Pharmaceutical Press; 5th edition (January 26, 2017)"
R in Action: Data Analysis and Graphics with R,4.6,https://www.amazon.com/Action-Data-Analysis-Graphics/dp/1617291382/ref=sr_1_186?keywords=data+analysis&qid=1671164670&sr=8-186,"Manning; 2nd edition (June 6, 2015)"
Black Feminism in Qualitative Inquiry: A Mosaic for Writing Our Daughter's Body (Futures of Data Analysis in Qualitative Research),4.9,https://www.amazon.com/Feminism-Qualitative-Inquiry-Analysis-Research/dp/1138486221/ref=sr_1_185?keywords=data+analysis&qid=1671164670&sr=8-185,"Routledge; 1st edition (February 7, 2019)"
Python Data Analysis - Second Edition,3.9,https://www.amazon.com/Python-Data-Analysis-Armando-Fandango/dp/1787127486/ref=sr_1_251?keywords=data+analysis&qid=1671164678&sr=8-251,"Packt Publishing; 2nd Revised edition (March 27, 2017)"
Exploratory Data Analysis with MATLAB (Chapman & Hall/CRC Computer Science & Data Analysis),4.0,https://www.amazon.com/Exploratory-Analysis-Chapman-Computer-Science-ebook/dp/B074MVTKM9/ref=sr_1_249?keywords=data+analysis&qid=1671164678&sr=8-249,"Chapman and Hall/CRC; 3rd edition (August 7, 2017)"
Become a Python Data Analyst: Perform exploratory data analysis and gain insight into scientific computing using Python,4.8,https://www.amazon.com/Become-Python-Data-Analyst-exploratory/dp/1789531705/ref=sr_1_248?keywords=data+analysis&qid=1671164678&sr=8-248,"Packt Publishing (August 31, 2018)"
SQL for Data Analytics: Perform fast and efficient data analysis with the power of SQL,4.4,https://www.amazon.com/SQL-Data-Analytics-efficient-analysis/dp/1789807352/ref=sr_1_246?keywords=data+analysis&qid=1671164678&sr=8-246,"Packt Publishing (August 23, 2019)"
"Excel Data Analysis: Your visual blueprint for analyzing data, charts, and PivotTables",4.1,https://www.amazon.com/Excel-Data-Analysis-blueprint-PivotTables/dp/1118517148/ref=sr_1_241?keywords=data+analysis&qid=1671164678&sr=8-241,"Visual; 4th edition (July 29, 2013)"
The Workflow of Data Analysis Using Stata,4.6,https://www.amazon.com/Workflow-Data-Analysis-Using-Stata/dp/1597180475/ref=sr_1_240?keywords=data+analysis&qid=1671164678&sr=8-240,"Stata Press; 1st edition (December 10, 2008)"
Data Analysis for Database Design,4.8,https://www.amazon.com/Data-Analysis-Database-Design-David-ebook/dp/B001D0JCMS/ref=sr_1_237?keywords=data+analysis&qid=1671164678&sr=8-237,"Butterworth-Heinemann; 3rd edition (May 31, 2001)"
Data Analysis for the Life Sciences with R,4.3,https://www.amazon.com/Data-Analysis-Life-Sciences-R/dp/1498775675/ref=sr_1_236?keywords=data+analysis&qid=1671164678&sr=8-236,"Chapman and Hall/CRC; 1st edition (July 25, 2016)"
Exploratory Data Analysis,4.6,https://www.amazon.com/Exploratory-Data-Analysis-John-Tukey/dp/0201076160/ref=sr_1_232?keywords=data+analysis&qid=1671164678&sr=8-232,"Pearson; 1st edition (January 1, 1977)"
Business Analytics: Data Analysis & Decision Making - Standalone book,4.4,https://www.amazon.com/Business-Analytics-Analysis-Decision-Standalone/dp/1305947541/ref=sr_1_233?keywords=data+analysis&qid=1671164678&sr=8-233,"Cengage Learning; 6th edition (April 27, 2016)"
Network Security Through Data Analysis: From Data to Action,4.5,https://www.amazon.com/Network-Security-Through-Data-Analysis/dp/1491962844/ref=sr_1_229?keywords=data+analysis&qid=1671164678&sr=8-229,"O'Reilly Media; 2nd edition (October 17, 2017)"
Python for Data Analysis: Learn the Principles of Data Analysis and Raise Your Programming Iq. Improve Your Machine Learning Experience and Become a Skilled Programmer by Learning 10+ Coding Secrets,1.0,https://www.amazon.com/Python-Data-Analysis-Principles-Programming/dp/1803064420/ref=sr_1_224?keywords=data+analysis&qid=1671164678&sr=8-224,"Robert Campbell (October 16, 2022)"
"Data Analysis & Probability: A Quickstudy Laminated Reference Guide (Math Fundamentals, 4)",5.0,https://www.amazon.com/Data-Analysis-Probability-Quickstudy-Fundamentals/dp/1423247272/ref=sr_1_300?keywords=data+analysis&qid=1671164689&sr=8-300,"Quickstudy; Updated edition (November 1, 2021)"
Recovering Black Storytelling in Qualitative Research (Futures of Data Analysis in Qualitative Research),4.6,https://www.amazon.com/Recovering-Storytelling-Qualitative-Research-Analysis/dp/0367747332/ref=sr_1_223?keywords=data+analysis&qid=1671164678&sr=8-223,"Routledge; 1st edition (November 19, 2021)"
"Python for ArcGIS Pro: Automate cartography and data analysis using ArcPy, ArcGIS API for Python, Notebooks, and pandas",4.7,https://www.amazon.com/gp/slredirect/picassoRedirect.html/ref=pa_sp_mtf_aps_sr_pg5_1?ie=UTF8&adId=A0062241A9B2Q8MI1S05&qualifier=1671164678&id=4917183037504927&widgetName=sp_mtf&url=%2FPython-ArcGIS-Pro-Automate-cartography%2Fdp%2F1803241667%2Fref%3Dsr_1_226_sspa%3Fkeywords%3Ddata%2Banalysis%26qid%3D1671164678%26sr%3D8-226-spons%26psc%3D1,"Packt Publishing (April 29, 2022)"
Practical Data Analysis Using Jupyter Notebook: Learn how to speak the language of data by extracting useful and actionable insights using Python,4.0,https://www.amazon.com/Practical-Analysis-Using-Jupyter-Notebook/dp/1838826033/ref=sr_1_298?keywords=data+analysis&qid=1671164689&sr=8-298,"Packt Publishing (June 19, 2020)"
Introduction to Statistics and Data Analysis,4.5,https://www.amazon.com/Introduction-Statistics-Data-Analysis-Roxy/dp/1305115341/ref=sr_1_295?keywords=data+analysis&qid=1671164689&sr=8-295,"Brooks Cole; 5th edition (January 1, 2015)"
POWER BI FOR BEGINNERS 2022: A SIMPLE AND DIRECT GUIDE TO DATA ANALYSIS USING POWER BI,4.4,https://www.amazon.com/POWER-BI-BEGINNERS-2022-ANALYSIS/dp/B09Z94XBVK/ref=sr_1_292?keywords=data+analysis&qid=1671164689&sr=8-292,"Independently published (April 30, 2022)"
"Accelerated Testing: Statistical Models, Test Plans, and Data Analysis (Wiley Series in Probability and Statistics)",4.5,https://www.amazon.com/Accelerated-Testing-Statistical-Probability-Statistics/dp/0471522775/ref=sr_1_291?keywords=data+analysis&qid=1671164689&sr=8-291,"Wiley-Interscience; 1st edition (February 1, 1990)"
Approximation Theory and Algorithms for Data Analysis (Texts in Applied Mathematics Book 68),4.5,https://www.amazon.com/Approximation-Algorithms-Analysis-Applied-Mathematics-ebook/dp/B07QQV29K7/ref=sr_1_288?keywords=data+analysis&qid=1671164689&sr=8-288,"Springer; 1st ed. 2018 edition (December 14, 2018)"
Probability and Computing: Randomization and Probabilistic Techniques in Algorithms and Data Analysis,4.5,https://www.amazon.com/Probability-Computing-Randomization-Probabilistic-Techniques/dp/110715488X/ref=sr_1_286?keywords=data+analysis&qid=1671164689&sr=8-286,"Cambridge University Press; 2nd edition (July 3, 2017)"
Guerrilla Data Analysis Using Microsoft Excel: 2nd Edition Covering Excel 2010/2013,4.5,https://www.amazon.com/Guerrilla-Analysis-Using-Microsoft-Excel/dp/1615470336/ref=sr_1_283?keywords=data+analysis&qid=1671164689&sr=8-283,"Holy Macro! Books; Second Edition, Second edition (May 1, 2015)"
Data Analysis with Open Source Tools: A Hands-On Guide for Programmers and Data Scientists,4.3,https://www.amazon.com/Data-Analysis-Source-Tools-Hands/dp/0596802358/ref=sr_1_281?keywords=data+analysis&qid=1671164689&sr=8-281,"O'Reilly Media; 1st edition (December 14, 2010)"
The Art of Data Analysis: How to Answer Almost Any Question Using Basic Statistics,4.7,https://www.amazon.com/Art-Data-Analysis-Question-Statistics/dp/1118411315/ref=sr_1_279?keywords=data+analysis&qid=1671164689&sr=8-279,"Wiley; 1st edition (May 13, 2013)"
A History of Data Visualization and Graphic Communication,4.6,https://www.amazon.com/History-Data-Visualization-Graphic-Communication/dp/0674975235/ref=sr_1_309?keywords=data+analysis&qid=1671164699&sr=8-309,"Harvard University Press; Illustrated edition (June 8, 2021)"
Adjustment Computations: Spatial Data Analysis,4.5,https://www.amazon.com/Adjustment-Computations-Spatial-Data-Analysis/dp/1119385989/ref=sr_1_311?keywords=data+analysis&qid=1671164699&sr=8-311,"Wiley; 6th edition (October 23, 2017)"
Data Analysis in High Energy Physics: A Practical Guide to Statistical Methods,4.8,https://www.amazon.com/Data-Analysis-High-Energy-Physics-ebook/dp/B00EYBOPY8/ref=sr_1_302?keywords=data+analysis&qid=1671164699&sr=8-302,"Wiley-VCH; 1st edition (August 30, 2013)"
Longitudinal Data Analysis,4.9,https://www.amazon.com/Longitudinal-Data-Analysis-Donald-Hedeker/dp/0471420271/ref=sr_1_301?keywords=data+analysis&qid=1671164699&sr=8-301,"Wiley-Interscience; 1st edition (April 7, 2006)"
Data Analysis with Mplus (Methodology in the Social Sciences),4.8,https://www.amazon.com/Analysis-Mplus-Methodology-Social-Sciences-ebook/dp/B00FP531ME/ref=sr_1_298?keywords=data+analysis&qid=1671164699&sr=8-298,"The Guilford Press; Illustrated edition (December 5, 2012)"
"How Qualitative Data Analysis Happens: Moving Beyond ""Themes Emerged""",4.4,https://www.amazon.com/How-Qualitative-Data-Analysis-Happens/dp/1138044679/ref=sr_1_295?keywords=data+analysis&qid=1671164699&sr=8-295,"Routledge; 1st edition (December 17, 2018)"
Python NumPy for Beginners: NumPy Specialization for Data Science (Python for Beginners in Data Science and Data Analysis Book 1),3.7,https://www.amazon.com/Python-NumPy-Beginners-Specialization-Analysis-ebook/dp/B09QNTX3JK/ref=sr_1_271?keywords=data+analysis&qid=1671164689&sr=8-271,"AI Publishing LLC (January 17, 2022)"
Categorical Data Analysis,4.7,https://www.amazon.com/Categorical-Data-Analysis-Alan-Agresti/dp/0470463635/ref=sr_1_272?keywords=data+analysis&qid=1671164689&sr=8-272,"Wiley; 3rd edition (December 3, 2012)"
The Pandas Workshop: A comprehensive guide to using Python for data analysis with real-world case studies,4.6,https://www.amazon.com/gp/slredirect/picassoRedirect.html/ref=pa_sp_atf_next_aps_sr_pg7_1?ie=UTF8&adId=A049513115F6WF9ISLFQD&qualifier=1671164699&id=1792140535860055&widgetName=sp_atf_next&url=%2FPandas-Workshop-comprehensive-analysis-real-world%2Fdp%2F1800208936%2Fref%3Dsr_1_289_sspa%3Fkeywords%3Ddata%2Banalysis%26qid%3D1671164699%26sr%3D8-289-spons%26psc%3D1,"Packt Publishing (June 17, 2022)"
"Statistical Methods for Categorical Data Analysis, 2nd Edition",4.8,https://www.amazon.com/Statistical-Methods-Categorical-Data-Analysis/dp/0123725623/ref=sr_1_267?keywords=data+analysis&qid=1671164689&sr=8-267,"Emerald Publishing; 2nd edition (October 1, 2008)"
"Python Data Analysis: Perform data collection, data processing, wrangling, visualization, and model building using Python, 3rd Edition",4.7,https://www.amazon.com/gp/slredirect/picassoRedirect.html/ref=pa_sp_atf_next_aps_sr_pg7_1?ie=UTF8&adId=A02946731QRXOG2JT8T3Z&qualifier=1671164699&id=1792140535860055&widgetName=sp_atf_next&url=%2FPython-Data-Analysis-collection-visualization%2Fdp%2F1789955246%2Fref%3Dsr_1_290_sspa%3Fkeywords%3Ddata%2Banalysis%26qid%3D1671164699%26sr%3D8-290-spons%26psc%3D1,"Packt Publishing; 3rd ed. edition (February 5, 2021)"
R for Data Analysis in easy steps - R Programming essentials,4.3,https://www.amazon.com/Data-Analysis-easy-steps-Programming/dp/1840787953/ref=sr_1_266?keywords=data+analysis&qid=1671164689&sr=8-266,"In Easy Steps Limited (March 13, 2018)"
"Learning Tableau 2022: Create effective data visualizations, build interactive visual analytics, and improve your data storytelling capabilities, 5th Edition",4.8,https://www.amazon.com/gp/slredirect/picassoRedirect.html/ref=pa_sp_mtf_aps_sr_pg6_1?ie=UTF8&adId=A00520262XV4ZH493HLVL&qualifier=1671164689&id=5996455913560366&widgetName=sp_mtf&url=%2FLearning-Tableau-2022-visualizations-storytelling%2Fdp%2F1801072329%2Fref%3Dsr_1_273_sspa%3Fkeywords%3Ddata%2Banalysis%26qid%3D1671164689%26sr%3D8-273-spons%26psc%3D1,"Packt Publishing; 5th ed. edition (August 26, 2022)"
The Statistical Sleuth: A Course in Methods of Data Analysis,4.0,https://www.amazon.com/Statistical-Sleuth-Course-Methods-Analysis/dp/1133490670/ref=sr_1_264?keywords=data+analysis&qid=1671164689&sr=8-264,"Cengage Learning; 3rd edition (May 2, 2012)"
"Bayesian Data Analysis in Ecology Using Linear Models with R, BUGS, and Stan",4.7,https://www.amazon.com/Bayesian-Analysis-Ecology-Linear-Models/dp/0128013702/ref=sr_1_262?keywords=data+analysis&qid=1671164689&sr=8-262,"Academic Press; 1st edition (April 23, 2015)"
Pandas for Everyone: Python Data Analysis (Addison-Wesley Data & Analytics Series),4.5,https://www.amazon.com/Pandas-Everyone-Analysis-Addison-Wesley-Analytics-ebook/dp/B0789WKTKJ/ref=sr_1_261?keywords=data+analysis&qid=1671164689&sr=8-261,"Addison-Wesley Professional; 1st edition (December 15, 2017)"
Data Analysis with Microsoft Power BI,3.8,https://www.amazon.com/Data-Analysis-Microsoft-Power-BI/dp/126045861X/ref=sr_1_252?keywords=data+analysis&qid=1671164689&sr=8-252,"McGraw Hill; 1st edition (December 27, 2019)"
"Mastering pandas: A complete guide to pandas, from installation to advanced data analysis techniques, 2nd Edition",4.4,https://www.amazon.com/Mastering-pandas-complete-installation-techniques-ebook/dp/B07WFM4JXZ/ref=sr_1_249?keywords=data+analysis&qid=1671164689&sr=8-249,"Packt Publishing; 2nd edition (October 25, 2019)"
Data Visualization: A Practical Introduction,4.6,https://www.amazon.com/Data-Visualization-Introduction-Kieran-Healy/dp/0691181624/ref=sr_1_246?keywords=data+analysis&qid=1671164689&sr=8-246,"Princeton University Press; 1st edition (December 18, 2018)"
"Applied Spatial Data Analysis with R (Use R!, 10)",4.5,https://www.amazon.com/Applied-Spatial-Data-Analysis-Use/dp/1461476178/ref=sr_1_245?keywords=data+analysis&qid=1671164689&sr=8-245,"Springer; 2nd ed. 2013 edition (June 21, 2013)"
Bayesian Data Analysis for the Behavioral and Neural Sciences,4.0,https://www.amazon.com/Bayesian-Analysis-Behavioral-Neural-Sciences/dp/1108812902/ref=sr_1_218?keywords=data+analysis&qid=1671164678&sr=8-218,"Cambridge University Press (August 26, 2021)"
"Learning Geospatial Analysis with Python: Understand GIS fundamentals and perform remote sensing data analysis using Python 3.7, 3rd Edition",4.2,https://www.amazon.com/gp/slredirect/picassoRedirect.html/ref=pa_sp_atf_next_aps_sr_pg6_1?ie=UTF8&adId=A099858636KU8S1DGGCV6&qualifier=1671164689&id=5996455913560366&widgetName=sp_atf_next&url=%2FLearning-Geospatial-Analysis-Python-fundamentals%2Fdp%2F1789959276%2Fref%3Dsr_1_244_sspa%3Fkeywords%3Ddata%2Banalysis%26qid%3D1671164689%26sr%3D8-244-spons%26psc%3D1,"Packt Publishing (September 27, 2019)"
Qualitative Data Analysis: An Introduction,4.5,https://www.amazon.com/Qualitative-Data-Analysis-Carol-Grbich/dp/1446202976/ref=sr_1_213?keywords=data+analysis&qid=1671164678&sr=8-213,"SAGE Publications Ltd; Second edition (December 6, 2012)"
Microsoft Excel Data Analysis and Business Modeling (Business Skills),4.5,https://www.amazon.com/Microsoft-Excel-Analysis-Business-Modeling/dp/1509304215/ref=sr_1_214?keywords=data+analysis&qid=1671164678&sr=8-214,"Microsoft Press; 5th edition (December 9, 2016)"
Big Data Analysis with Python: Combine Spark and Python to unlock the powers of parallel computing and machine learning,3.7,https://www.amazon.com/Big-Data-Analysis-Python-computing-ebook/dp/B07KX3W4K5/ref=sr_1_204?keywords=data+analysis&qid=1671164678&sr=8-204,"Packt Publishing; 1st edition (April 10, 2019)"
Bayesian Artificial Intelligence (Chapman & Hall/CRC Computer Science & Data Analysis Book 2),4.1,https://www.amazon.com/Bayesian-Artificial-Intelligence-Computer-Analysis-ebook/dp/B00I60M1EY/ref=sr_1_203?keywords=data+analysis&qid=1671164678&sr=8-203,"CRC Press; 2nd edition (December 16, 2010)"
"PYTHON: Learn Coding Programs with Python Programming and Master Data Analysis & Analytics, Data Science and Machine Learning with the Complete Crash Course for Beginners - 5 Manuscripts in 1 Book",4.1,https://www.amazon.com/PYTHON-Programming-Analytics-Beginners-Manuscripts/dp/B09NT7WVT5/ref=sr_1_202?keywords=data+analysis&qid=1671164678&sr=8-202,"Independently published (December 24, 2021)"
"Introduction to Python in Earth Science Data Analysis: From Descriptive Statistics to Machine Learning (Springer Textbooks in Earth Sciences, Geography and Environment)",4.6,https://www.amazon.com/Introduction-to-Python-in-Earth-Science-Data-AnalysisFrom-Descriptive-Statistics-to-Machine-Learning-Springer-Textbooks-in-Earth-Sciences_-Geography-and-Environment/dp/3030780546/ref=sr_1_175?keywords=data+analysis&qid=1671164670&sr=8-175,"Springer; 1st ed. 2021 edition (September 17, 2021)"
"Statistics, Data Analysis, and Decision Modeling",4.1,https://www.amazon.com/Statistics-Data-Analysis-Decision-Modeling/dp/0132744287/ref=sr_1_172?keywords=data+analysis&qid=1671164670&sr=8-172,"Pearson; 5th edition (January 18, 2012)"
Humanities Data Analysis: Case Studies with Python,5.0,https://www.amazon.com/Humanities-Data-Analysis-Studies-Python/dp/0691172366/ref=sr_1_171?keywords=data+analysis&qid=1671164670&sr=8-171,"Princeton University Press (January 12, 2021)"
Geographical Data Science and Spatial Data Analysis: An Introduction in R (Spatial Analytics and GIS),4.6,https://www.amazon.com/Geographical-Data-Science-Spatial-Analysis/dp/1526449366/ref=sr_1_166?keywords=data+analysis&qid=1671164670&sr=8-166,"SAGE Publications Ltd; 1st edition (February 4, 2021)"
Applied Longitudinal Data Analysis: Modeling Change and Event Occurrence,4.5,https://www.amazon.com/Applied-Longitudinal-Data-Analysis-Occurrence/dp/0195152964/ref=sr_1_167?keywords=data+analysis&qid=1671164670&sr=8-167,"Oxford University Press; 1st edition (March 27, 2003)"
Topological Data Analysis for Genomics and Evolution: Topology in Biology,4.6,https://www.amazon.com/Topological-Data-Analysis-Genomics-Evolution/dp/1107159547/ref=sr_1_154?keywords=data+analysis&qid=1671164670&sr=8-154,"Cambridge University Press; 1st edition (January 16, 2020)"
Data Analysis for Continuous School Improvement: For Continuous School Improvement,4.6,https://www.amazon.com/Data-Analysis-Continuous-School-Improvement/dp/1138294624/ref=sr_1_152?keywords=data+analysis&qid=1671164670&sr=8-152,"Routledge; 4th edition (August 8, 2017)"
An Introduction to Statistical Methods and Data Analysis,4.2,https://www.amazon.com/Introduction-Statistical-Methods-Data-Analysis/dp/1305269470/ref=sr_1_151?keywords=data+analysis&qid=1671164670&sr=8-151,"Cengage Learning; 7th edition (June 11, 2015)"
Qualitative Data Analysis with ATLAS.ti,4.7,https://www.amazon.com/Qualitative-Data-Analysis-with-ATLAS-ti/dp/1526458926/ref=sr_1_126?keywords=data+analysis&qid=1671164661&sr=8-126,"SAGE Publications Ltd; Third edition (April 22, 2019)"
Multivariate Data Analysis,4.4,https://www.amazon.com/Multivariate-Analysis-William-author-Anderson/dp/1473756545/ref=sr_1_124?keywords=data+analysis&qid=1671164661&sr=8-124,"Cengage Learning EMEA; 8th edition (May 22, 2018)"
Data Analysis in Qualitative Research: Theorizing with Abductive Analysis,4.4,https://www.amazon.com/Data-Analysis-Qualitative-Research-Theorizing/dp/0226817733/ref=sr_1_117?keywords=data+analysis&qid=1671164661&sr=8-117,"University of Chicago Press; First edition (June 6, 2022)"
Qualitative Data Analysis: Practical Strategies,4.5,https://www.amazon.com/Qualitative-Data-Analysis-Practical-Strategies/dp/1526404761/ref=sr_1_112?keywords=data+analysis&qid=1671164661&sr=8-112,"SAGE Publications Ltd; Second edition (December 15, 2020)"
"Data Analytics for Absolute Beginners: A Deconstructed Guide to Data Literacy: (Introduction to Data, Data Visualization, Business Intelligence & ... Science, Python & Statistics for Beginners)",4.4,https://www.amazon.com/Data-Analytics-Absolute-Beginners-Deconstructed/dp/1081762462/ref=sr_1_106?keywords=data+analysis&qid=1671164661&sr=8-106,"Independently published (July 21, 2019)"
Learning R: A Step-by-Step Function Guide to Data Analysis,4.4,https://www.amazon.com/Learning-Step-Step-Function-Analysis/dp/1449357105/ref=sr_1_105?keywords=data+analysis&qid=1671164661&sr=8-105,"O'Reilly Media; 1st edition (October 22, 2013)"
"An Introduction to Data Analysis: Quantitative, Qualitative and Mixed Methods",4.6,https://www.amazon.com/Introduction-Data-Analysis-Quantitative-Qualitative/dp/144629515X/ref=sr_1_103?keywords=data+analysis&qid=1671164661&sr=8-103,"SAGE Publications Ltd; 1st edition (November 28, 2018)"
Business Analytics: Data Analysis & Decision Making (MindTap Course List),4.5,https://www.amazon.com/Business-Analytics-Analysis-Decision-MindTap/dp/0357109953/ref=sr_1_78?keywords=data+analysis&qid=1671164651&sr=8-78,"Cengage Learning; 7th edition (April 2, 2019)"
"Data Analysis with IBM SPSS Statistics: Implementing Data Modeling, Descriptive Statistics and ANOVA",3.8,https://www.amazon.com/Data-Analysis-IBM-SPSS-Statistics-ebook/dp/B0728K1C3F/ref=sr_1_75?keywords=data+analysis&qid=1671164651&sr=8-75,"Packt Publishing; 1st edition (September 22, 2017)"
The Kaggle Book: Data analysis and machine learning for competitive data science,4.4,https://www.amazon.com/Data-Analysis-Machine-Learning-Kaggle/dp/1801817472/ref=sr_1_74?keywords=data+analysis&qid=1671164651&sr=8-74,"Packt Publishing (April 22, 2022)"
Statistics and Data Analysis for Nursing Research,4.3,https://www.amazon.com/Statistics-Data-Analysis-Nursing-Research/dp/0135085071/ref=sr_1_73?keywords=data+analysis&qid=1671164651&sr=8-73,"Pearson; 2nd edition (August 5, 2009)"
Behavioral Data Analysis with R and Python: Customer-Driven Data for Real Business Results,4.3,https://www.amazon.com/Behavioral-Data-Analysis-Python-Customer-Driven/dp/1492061379/ref=sr_1_72?keywords=data+analysis&qid=1671164651&sr=8-72,"O'Reilly Media; 1st edition (July 6, 2021)"
"Hands-On Data Analysis with Pandas: A Python data science handbook for data collection, wrangling, analysis, and visualization, 2nd Edition",4.3,https://www.amazon.com/Hands-Data-Analysis-Pandas-visualization/dp/1800563450/ref=sr_1_70?keywords=data+analysis&qid=1671164651&sr=8-70,"Packt Publishing; 2nd ed. edition (April 29, 2021)"
Data Visualization with Excel Dashboards and Reports,4.4,https://www.amazon.com/Data-Visualization-Excel-Dashboards-Reports/dp/1119698723/ref=sr_1_69?keywords=data+analysis&qid=1671164651&sr=8-69,"Wiley; 1st edition (January 29, 2021)"
"Data Analysis: A Model Comparison Approach To Regression, ANOVA, and Beyond, Third Edition",4.4,https://www.amazon.com/Data-Analysis-Comparison-Approach-Regression/dp/1138819832/ref=sr_1_64?keywords=data+analysis&qid=1671164651&sr=8-64,"Routledge; 3rd edition (May 8, 2017)"
Python for Excel: A Modern Environment for Automation and Data Analysis,4.6,https://www.amazon.com/Python-Excel-Environment-Automation-Analysis/dp/1492081000/ref=sr_1_56?keywords=data+analysis&qid=1671164651&sr=8-56,"O'Reilly Media; 1st edition (April 13, 2021)"
Microsoft® Excel Data Analysis and Business Modeling,3.9,https://www.amazon.com/Microsoft%C2%AE-Analysis-Business-Modeling-Skills/dp/0735619018/ref=sr_1_54?keywords=data+analysis&qid=1671164651&sr=8-54,"Microsoft Press; PAP/CDR edition (February 25, 2004)"
"High-Dimensional Data Analysis with Low-Dimensional Models: Principles, Computation, and Applications",4.8,https://www.amazon.com/High-Dimensional-Data-Analysis-Low-Dimensional-Models/dp/1108489737/ref=sr_1_53?keywords=data+analysis&qid=1671164651&sr=8-53,"Cambridge University Press; New edition (April 7, 2022)"
Mathematical Statistics and Data Analysis,4.2,https://www.amazon.com/Mathematical-Statistics-Data-Analysis-Rice/dp/8131519546/ref=sr_1_52?keywords=data+analysis&qid=1671164651&sr=8-52,"Cengage Learning; 3rd edition (November 21, 2013)"
Storytelling with Data: A Data Visualization Guide for Business Professionals,4.6,https://www.amazon.com/Storytelling-Data-Visualization-Business-Professionals/dp/1119002257/ref=sr_1_43?keywords=data+analysis&qid=1671164651&sr=8-43,"Wiley; 1st edition (November 2, 2015)"
Data Analysis with Python and PySpark,4.8,https://www.amazon.com/Analysis-Python-PySpark-Jonathan-Rioux/dp/1617297208/ref=sr_1_38?keywords=data+analysis&qid=1671164651&sr=8-38,"Manning (March 22, 2022)"
Statistics and Data Analysis: From Elementary to Intermediate,4.4,https://www.amazon.com/Statistics-Data-Analysis-Elementary-Intermediate/dp/0137444265/ref=sr_1_41?keywords=data+analysis&qid=1671164651&sr=8-41,"Pearson; 1st edition (October 18, 1999)"
The Art of Data Analysis: Non-Technical Skills for Data Analysts,4.1,https://www.amazon.com/Art-Data-Analysis-Non-Technical-Analysts/dp/1702688526/ref=sr_1_36?keywords=data+analysis&qid=1671164651&sr=8-36,"Independently published (August 17, 2020)"
Microsoft Excel 2019 Data Analysis and Business Modeling (Business Skills),4.6,https://www.amazon.com/Microsoft-Analysis-Business-Modeling-Skills/dp/1509305882/ref=sr_1_35?keywords=data+analysis&qid=1671164651&sr=8-35,"Microsoft Press; 6th edition (April 15, 2019)"
"Introduction to Error Analysis: The Science of Measurements, Uncertainties, and Data Analysis",4.6,https://www.amazon.com/Introduction-Error-Analysis-Measurements-Uncertainties/dp/1975906659/ref=sr_1_34?keywords=data+analysis&qid=1671164651&sr=8-34,"CreateSpace Independent Publishing Platform; 1st edition (August 29, 2017)"
Introduction to Multivariate Data Analysis (Easy Statistics),4.4,https://www.amazon.com/Introduction-Multivariate-Data-Analysis-Statistics-ebook/dp/B0B4W7743J/ref=sr_1_32?keywords=data+analysis&qid=1671164651&sr=8-32,"anushabooks.com (June 22, 2022)"
"R Cookbook: Proven Recipes for Data Analysis, Statistics, and Graphics",4.6,https://www.amazon.com/Cookbook-Recipes-Analysis-Statistics-Graphics/dp/1492040681/ref=sr_1_33?keywords=data+analysis&qid=1671164651&sr=8-33,"O'Reilly Media; 2nd edition (July 16, 2019)"
"Python for Geospatial Data Analysis: Theory, Tools, and Practice for Location Intelligence",3.0,https://www.amazon.com/Python-Geospatial-Data-Analysis-Intelligence/dp/109810479X/ref=sr_1_30?keywords=data+analysis&qid=1671164651&sr=8-30,"O'Reilly Media; 1st edition (November 29, 2022)"
Data Analysis Using SQL and Excel,4.4,https://www.amazon.com/Data-Analysis-Using-SQL-Excel/dp/111902143X/ref=sr_1_31?keywords=data+analysis&qid=1671164651&sr=8-31,"Wiley; 2nd edition (December 14, 2015)"
Optimization for Data Analysis,5.0,https://www.amazon.com/Optimization-Data-Analysis-Stephen-Wright/dp/1316518981/ref=sr_1_25?keywords=data+analysis&qid=1671164651&sr=8-25,"Cambridge University Press; New edition (April 28, 2022)"
"Pandas 1.x Cookbook: Practical recipes for scientific computing, time series analysis, and exploratory data analysis using Python, 2nd Edition",4.3,https://www.amazon.com/gp/slredirect/picassoRedirect.html/ref=pa_sp_atf_next_aps_sr_pg3_1?ie=UTF8&adId=A08228652ME0EIMAKHBE0&qualifier=1671164784&id=6423934889239781&widgetName=sp_atf_next&url=%2FPandas-1-x-Cookbook-scientific-exploratory%2Fdp%2F1839213108%2Fref%3Dsr_1_99_sspa%3Fkeywords%3Ddata%2Banalysis%26qid%3D1671164784%26sr%3D8-99-spons%26psc%3D1,"Packt Publishing (February 27, 2020)"
"Data Analysis for Business, Economics, and Policy",4.3,https://www.amazon.com/Data-Analysis-Business-Economics-Policy/dp/1108716202/ref=sr_1_8?keywords=data+analysis&qid=1671164651&sr=8-8,"Cambridge University Press (May 6, 2021)"
Microsoft Excel Data Analysis and Business Modeling (Office 2021 and Microsoft 365) (Business Skills),4.7,https://www.amazon.com/Microsoft-Analysis-Business-Modeling-Office/dp/0137613660/ref=sr_1_7?keywords=data+analysis&qid=1671164651&sr=8-7,"Microsoft Press; 7th edition (December 16, 2021)"
"Python for Data Analysis: Data Wrangling with pandas, NumPy, and Jupyter",4.4,https://www.amazon.com/Python-Data-Analysis-Wrangling-Jupyter/dp/109810403X/ref=sr_1_6?keywords=data+analysis&qid=1671164651&sr=8-6,"O'Reilly Media; 3rd edition (September 20, 2022)"
Data Analysis for Social Science: A Friendly and Practical Introduction,5.0,https://www.amazon.com/Data-Analysis-Social-Science-Introduction/dp/0691199434/ref=sr_1_5?keywords=data+analysis&qid=1671164651&sr=8-5,"Princeton University Press (November 29, 2022)"
Data Visualization in Python,3.3,https://www.amazon.com/Data-Visualization-Python-Daniel-Nelson/dp/B08TZ9LWWX/ref=sr_1_156?keywords=python&qid=1671164909&sr=8-156,"Independently published (September 15, 2020)"
"Better Data Visualizations: A Guide for Scholars, Researchers, and Wonks",4.4,https://www.amazon.com/Better-Data-Visualizations-Scholars-Researchers/dp/0231193114/ref=sr_1_27?crid=1IWIG31DNPO6P&keywords=data+science&qid=1671164641&sprefix=data+science%2Caps%2C586&sr=8-27,"Columbia University Press (February 9, 2021)"
Functional Aesthetics for Data Visualization,4.8,https://www.amazon.com/Functional-Aesthetics-Visualization-Vidya-Setlur/dp/1119810086/ref=sr_1_133?crid=1IWIG31DNPO6P&keywords=data+science&qid=1671165042&sprefix=data+science%2Caps%2C586&sr=8-133,"Wiley; 1st edition (September 21, 2022)"
The Tableau Workshop: A practical guide to the art of data visualization with Tableau,4.7,https://www.amazon.com/gp/slredirect/picassoRedirect.html/ref=pa_sp_mtf_aps_sr_pg5_1?ie=UTF8&adId=A029339114J7CE6TYQZ8A&qualifier=1671165060&id=994456475850918&widgetName=sp_mtf&url=%2FTableau-Workshop-practical-guide-visualization%2Fdp%2F1800207654%2Fref%3Dsr_1_226_sspa%3Fcrid%3D1IWIG31DNPO6P%26keywords%3Ddata%2Bscience%26qid%3D1671165060%26sprefix%3Ddata%2Bscience%252Caps%252C586%26sr%3D8-226-spons%26psc%3D1,"Packt Publishing (April 28, 2022)"
"Data Visualization with Python for Beginners: Visualize Your Data using Pandas, Matplotlib and Seaborn (Machine Learning & Data Science for Beginners)",4.1,https://www.amazon.com/Data-Visualization-Python-Beginners-Matplotlib/dp/1733042687/ref=sr_1_280?crid=1IWIG31DNPO6P&keywords=data+science&qid=1671165070&sprefix=data+science%2Caps%2C586&sr=8-280,"AI Publishing LLC (February 14, 2020)"
"Data Visualization: Clear Introduction to Data Visualization with Python. Proper Guide for Data Scientist (Data Mining, Analytics and Visualization)",3.8,https://www.amazon.com/gp/slredirect/picassoRedirect.html/ref=pa_sp_mtf_aps_sr_pg6_1?ie=UTF8&adId=A01648802IKWBPR428R27&qualifier=1671165070&id=2380392184025275&widgetName=sp_mtf&url=%2FData-Visualization-Introduction-Python-Scientist%2Fdp%2FB08JHGFHM1%2Fref%3Dsr_1_275_sspa%3Fcrid%3D1IWIG31DNPO6P%26keywords%3Ddata%2Bscience%26qid%3D1671165070%26sprefix%3Ddata%2Bscience%252Caps%252C586%26sr%3D8-275-spons%26psc%3D1,"Independently published (September 22, 2020)"
"Data Sketches: A journey of imagination, exploration, and beautiful data visualizations (AK Peters Visualization Series)",4.5,https://www.amazon.com/Data-Sketches-AK-Peters-Visualization/dp/0367000083/ref=sr_1_156?crid=1IWIG31DNPO6P&keywords=data+science&qid=1671165050&sprefix=data+science%2Caps%2C586&sr=8-156,"A K Peters/CRC Press; 1st edition (February 9, 2021)"
